,fecha,indicativo,nombre,provincia,altitud,tmed,prec,tmin,horatmin,tmax,horatmax,dir,velmedia,racha,horaracha,presMax,horaPresMax,presMin,horaPresMin,hrMedia,hrMax,horaHrMax,hrMin,horaHrMin
0,2018-02-01,3195,"MADRID, RETIRO",MADRID,667,"6,6","0,1","2,3",07:40,"10,8",13:40,34,"2,8","13,3",17:30,"940,1",00,"929,5",17,69,81,Varias,47,16:00
1,2018-02-02,3195,"MADRID, RETIRO",MADRID,667,"4,4","0,0","1,2",23:59,"7,7",13:20,99,"3,6","13,3",Varias,"940,5",23,"931,0",05,45,60,Varias,35,13:00
2,2018-02-03,3195,"MADRID, RETIRO",MADRID,667,"5,2","2,3","0,2",02:30,"10,3",14:30,28,"3,1","11,1",16:30,"942,0",10,"935,1",24,51,76,23:50,40,13:00
3,2018-02-04,3195,"MADRID, RETIRO",MADRID,667,"3,6","17,3","1,5",13:00,"5,8",00:00,04,"3,6","10,8",20:00,"935,1",00,"929,9",24,90,97,Varias,76,00:00
4,2018-02-05,3195,"MADRID, RETIRO",MADRID,667,"1,8","14,1","0,8",11:40,"2,8",06:00,06,"3,9","9,4",06:10,"930,9",24,"927,5",14,88,96,Varias,75,06:10
5,2018-02-06,3195,"MADRID, RETIRO",MADRID,667,"4,1","0,0","1,2",23:59,"7,0",13:30,01,"3,1","12,5",19:10,"934,8",24,"930,0",04,57,84,00:00,46,Varias
6,2018-02-07,3195,"MADRID, RETIRO",MADRID,667,"3,0","0,0","-1,6",06:30,"7,5",Varias,03,"2,8","9,2",18:30,"940,5",24,"934,8",00,53,73,Varias,43,17:00
7,2018-02-08,3195,"MADRID, RETIRO",MADRID,667,"3,0","0,0","-1,0",Varias,"7,0",13:30,05,"2,8","8,3",17:40,"942,1",24,"939,9",16,56,73,03:00,45,Varias
8,2018-02-09,3195,"MADRID, RETIRO",MADRID,667,"3,3","0,0","-1,9",07:00,"8,5",16:30,01,"1,1","10,0",23:59,"944,2",24,"941,3",Varias,65,82,08:00,53,Varias
9,2018-02-10,3195,"MADRID, RETIRO",MADRID,667,"5,7","0,0","2,3",08:00,"9,1",13:10,02,"2,2","10,8",03:00,"944,8",Varias,"942,2",16,48,64,23:59,42,14:20
10,2018-02-11,3195,"MADRID, RETIRO",MADRID,667,"7,5","0,1","0,7",07:50,"14,3",13:20,28,"3,1","11,7",14:20,"944,7",11,"940,6",23,66,83,08:00,54,13:00
11,2018-02-12,3195,"MADRID, RETIRO",MADRID,667,"6,8","0,0","2,5",23:30,"11,1",00:00,34,"1,7","9,7",17:30,"943,4",Varias,"940,0",Varias,51,71,Varias,39,16:00
12,2018-02-13,3195,"MADRID, RETIRO",MADRID,667,"4,7","0,0","-0,8",07:10,"10,2",13:15,26,"3,6","13,6",18:00,"943,4",00,"940,0",15,63,85,23:59,48,13:15
13,2018-02-14,3195,"MADRID, RETIRO",MADRID,667,"8,2","0,0","5,8",Varias,"10,5",15:30,27,"3,1","11,4",20:40,"944,7",24,"941,0",00,80,91,08:00,72,15:30
14,2018-02-15,3195,"MADRID, RETIRO",MADRID,667,"8,4","0,0","6,0",04:10,"10,9",16:10,25,"1,4","7,2",00:00,"948,5",12,"944,7",00,87,92,Varias,78,16:20
15,2018-02-16,3195,"MADRID, RETIRO",MADRID,667,"10,7","0,0","6,8",08:10,"14,6",16:10,24,"1,7","5,0",17:00,"948,0",00,"943,4",Varias,79,,,,
16,2018-02-17,3195,"MADRID, RETIRO",MADRID,667,"10,7","0,0","6,7",Varias,"14,7",13:30,05,"1,4","10,6",21:40,"946,8",23,"943,8",14,70,93,Varias,49,Varias
17,2018-02-18,3195,"MADRID, RETIRO",MADRID,667,"8,0","0,0","2,6",06:30,"13,4",16:20,99,"2,8","8,3",Varias,"946,4",00,"942,5",17,45,62,05:50,32,12:50
18,2018-02-19,3195,"MADRID, RETIRO",MADRID,667,"10,8","0,0","6,5",07:30,"15,0",13:30,03,"2,2","10,0",20:50,"943,1",00,"940,3",14,51,69,07:40,40,13:00
19,2018-02-20,3195,"MADRID, RETIRO",MADRID,667,"10,9","0,0","7,3",05:10,"14,5",13:30,03,"3,6","12,8",17:50,"941,3",10,"937,6",24,52,72,06:00,39,13:10
20,2018-02-21,3195,"MADRID, RETIRO",MADRID,667,"7,6","0,0","3,2",23:59,"12,0",13:50,02,"4,2","13,9",09:20,"937,6",00,"931,6",16,41,63,02:00,35,Varias
21,2018-02-22,3195,"MADRID, RETIRO",MADRID,667,"5,4","0,0","-0,5",06:30,"11,3",13:30,05,"2,8","10,3",21:20,"933,8",Varias,"929,5",17,37,54,Varias,30,15:00
22,2018-02-23,3195,"MADRID, RETIRO",MADRID,667,"4,3","0,0","-1,3",07:30,"9,9",16:40,10,"1,4","11,1",13:50,"930,8",00,"927,7",15,36,47,07:30,27,Varias
23,2018-02-24,3195,"MADRID, RETIRO",MADRID,667,"5,4","0,0","-0,3",Varias,"11,0",16:30,17,"1,4","5,8",15:50,"931,6",24,"928,4",00,36,51,Varias,25,14:00
24,2018-02-25,3195,"MADRID, RETIRO",MADRID,667,"6,8","0,0","0,0",07:30,"13,5",16:15,23,"1,4","5,6",16:50,"935,8",Varias,"931,4",00,39,55,07:40,25,15:00
25,2018-02-26,3195,"MADRID, RETIRO",MADRID,667,"8,8","0,0","1,7",07:15,"16,0",15:50,08,"1,1","10,3",23:30,"935,1",00,"925,0",20,46,59,08:00,32,Varias
26,2018-02-27,3195,"MADRID, RETIRO",MADRID,667,"3,6","19,9","1,5",11:50,"5,6",00:00,04,"1,7","11,1",01:40,"927,6",12,"924,4",24,68,97,Varias,28,Varias
27,2018-02-28,3195,"MADRID, RETIRO",MADRID,667,"7,8","19,2","3,6",01:40,"12,0",15:30,21,"1,9","14,2",15:00,"924,4",00,"915,0",Varias,94,97,Varias,74,17:50
28,2018-03-01,3195,"MADRID, RETIRO",MADRID,667,"8,4","17,3","5,4",23:59,"11,5",14:30,25,"4,2","23,3",16:50,"921,1",24,"907,3",15,92,96,Varias,82,22:00
29,2018-03-02,3195,"MADRID, RETIRO",MADRID,667,"6,4","15,3","4,2",03:30,"8,5",23:50,22,"1,9","13,1",23:59,"923,1",11,"918,4",17,92,97,20:30,83,00:30
30,2018-03-03,3195,"MADRID, RETIRO",MADRID,667,"9,4","13,8","5,3",03:40,"13,4",12:50,26,"3,6","13,6",02:50,"925,7",12,"920,3",00,75,92,Varias,53,Varias
31,2018-03-04,3195,"MADRID, RETIRO",MADRID,667,"9,2","4,9","5,4",Varias,"13,0",13:20,17,"2,5","10,6",21:00,"923,5",17,"918,0",04,71,97,09:00,49,15:00
32,2018-03-05,3195,"MADRID, RETIRO",MADRID,667,"7,4","2,1","5,8",06:30,"8,9",16:30,30,"3,6","10,6",19:00,"923,2",24,"915,5",14,85,97,03:30,64,21:00
33,2018-03-06,3195,"MADRID, RETIRO",MADRID,667,"7,4","1,0","4,2",Varias,"10,7",16:20,28,"3,1","11,9",16:20,"928,1",24,"922,9",16,77,90,04:00,60,Varias
34,2018-03-07,3195,"MADRID, RETIRO",MADRID,667,"6,8","2,6","2,5",05:10,"11,0",13:50,23,"2,2","8,3",13:10,"934,5",12,"928,1",00,55,79,03:00,42,16:00
35,2018-03-08,3195,"MADRID, RETIRO",MADRID,667,"7,7","1,0","4,5",05:40,"10,9",15:50,17,"1,7","5,8",01:10,"936,0",23,"931,0",05,83,96,Varias,63,00:00
36,2018-03-09,3195,"MADRID, RETIRO",MADRID,667,"10,5","11,9","9,4",06:40,"11,6",12:15,16,"3,1","11,1",19:40,"936,7",08,"931,5",Varias,94,97,Varias,87,10:30
37,2018-03-10,3195,"MADRID, RETIRO",MADRID,667,"9,7","23,7","7,5",23:59,"11,9",07:20,23,"2,8","11,9",23:20,"931,5",00,"927,0",24,88,95,00:30,73,17:00
38,2018-03-11,3195,"MADRID, RETIRO",MADRID,667,"8,2","1,1","6,0",07:30,"10,5",12:50,28,"5,0","17,5",10:50,"931,9",24,"926,0",Varias,73,92,06:50,52,12:50
39,2018-03-12,3195,"MADRID, RETIRO",MADRID,667,"9,8","1,5","6,5",06:50,"13,2",15:10,23,"3,9","13,3",00:10,"940,0",22,"931,9",00,66,83,Varias,47,14:20
40,2018-03-13,3195,"MADRID, RETIRO",MADRID,667,"10,3","0,3","6,6",04:10,"14,0",13:10,23,"2,2","9,2",13:20,"939,5",12,"936,7",04,78,95,Varias,62,16:00
41,2018-03-14,3195,"MADRID, RETIRO",MADRID,667,"9,8","22,9","6,6",22:40,"13,1",16:20,20,"3,1","13,1",16:10,"938,6",00,"923,9",19,92,95,08:30,78,16:20
42,2018-03-15,3195,"MADRID, RETIRO",MADRID,667,"8,9","0,1","6,2",Varias,"11,6",14:40,99,"5,0","13,6",Varias,"928,6",24,"923,1",Varias,70,92,02:00,53,Varias
43,2018-03-16,3195,"MADRID, RETIRO",MADRID,667,"8,2","3,2","4,6",06:30,"11,7",13:30,36,"3,3","10,8",17:00,"929,9",10,"927,7",15,68,90,Varias,53,Varias
44,2018-03-17,3195,"MADRID, RETIRO",MADRID,667,"6,2","7,3","3,0",11:00,"9,5",14:00,36,"2,8","11,1",14:30,"929,5",00,"923,4",15,77,95,11:00,45,17:00
45,2018-03-18,3195,"MADRID, RETIRO",MADRID,667,"8,4","0,0","4,0",06:30,"12,8",13:20,88,"3,3","10,3",12:30,"933,1",24,"924,3",00,54,83,07:00,37,Varias
46,2018-03-19,3195,"MADRID, RETIRO",MADRID,667,"6,7","4,2","3,8",23:59,"9,6",15:45,36,"3,3","15,6",10:50,"933,4",00,"926,7",15,71,94,Varias,40,21:00
47,2018-03-20,3195,"MADRID, RETIRO",MADRID,667,"6,3",Ip,"2,6",07:00,"10,0",15:30,88,"5,3","15,8",14:10,"943,6",24,"932,3",00,54,76,07:00,40,Varias
48,2018-03-21,3195,"MADRID, RETIRO",MADRID,667,"7,3","0,0","2,4",02:00,"12,2",14:10,36,"4,2","13,6",15:00,"947,3",23,"943,6",00,40,57,07:00,24,13:00
49,2018-03-22,3195,"MADRID, RETIRO",MADRID,667,"6,6","0,0","-0,3",06:30,"13,5",16:20,36,"2,2","6,4",12:40,"947,1",00,"941,7",Varias,46,70,07:30,30,14:50
50,2018-03-23,3195,"MADRID, RETIRO",MADRID,667,"9,4","3,5","4,5",Varias,"14,2",12:50,27,"3,1","15,6",23:30,"941,8",00,"924,5",24,69,93,Varias,53,00:30
51,2018-03-24,3195,"MADRID, RETIRO",MADRID,667,"7,6","0,0","4,0",04:50,"11,3",16:10,31,"6,1","20,3",12:50,"931,2",22,"924,5",00,48,89,00:00,41,13:10
52,2018-03-25,3195,"MADRID, RETIRO",MADRID,667,"9,6","0,0","5,2",06:20,"13,9",13:30,29,"2,5","8,9",01:00,"939,5",24,"930,4",00,48,57,07:30,37,13:20
53,2018-03-26,3195,"MADRID, RETIRO",MADRID,667,"9,6","0,0","3,6",06:30,"15,5",14:00,33,"1,9","6,1",18:10,"945,6",24,"939,5",00,53,80,06:30,37,Varias
54,2018-03-27,3195,"MADRID, RETIRO",MADRID,667,"14,6","0,0","8,5",01:30,"20,6",14:30,27,"1,9","9,7",15:30,"948,3",10,"945,5",24,50,72,07:00,36,Varias
55,2018-03-28,3195,"MADRID, RETIRO",MADRID,667,"15,0","0,0","9,2",06:30,"20,8",14:20,26,"3,3","12,2",17:30,"945,7",00,"936,1",19,46,68,01:50,31,Varias
56,2018-03-29,3195,"MADRID, RETIRO",MADRID,667,"12,2","0,8","8,5",23:59,"15,8",14:40,26,"4,2","14,7",18:30,"936,9",00,"931,1",Varias,57,78,06:50,34,16:40
57,2018-03-30,3195,"MADRID, RETIRO",MADRID,667,"7,8","2,2","4,0",23:59,"11,7",15:30,25,"4,2","17,5",18:20,"931,1",00,"927,3",17,59,97,23:00,41,Varias
58,2018-03-31,3195,"MADRID, RETIRO",MADRID,667,"8,8","0,0","3,2",04:30,"14,5",14:20,26,"2,8","12,2",13:30,"940,8",24,"928,9",00,48,95,00:00,29,16:00
59,2018-04-01,3195,"MADRID, RETIRO",MADRID,667,"11,4","0,0","5,4",06:10,"17,5",15:10,12,"1,4","7,5",14:10,"940,8",00,"933,9",24,52,73,06:00,39,15:10
60,2018-04-02,3195,"MADRID, RETIRO",MADRID,667,"14,4","5,3","9,4",07:00,"19,4",14:30,24,"3,3","11,7",16:50,"933,9",00,"928,8",16,45,91,23:59,37,17:00
61,2018-04-03,3195,"MADRID, RETIRO",MADRID,667,"12,3","0,0","8,4",23:50,"16,2",14:40,22,"4,4","15,3",15:00,"932,3",24,"930,0",17,64,93,01:30,41,15:30
62,2018-04-04,3195,"MADRID, RETIRO",MADRID,667,"11,7","0,0","7,4",03:10,"16,0",15:50,25,"4,7","15,3",16:30,"942,1",24,"932,3",00,66,82,Varias,53,Varias
63,2018-04-05,3195,"MADRID, RETIRO",MADRID,667,"12,3","0,0","6,0",06:10,"18,6",14:40,05,"1,1","5,8",22:30,"943,0",10,"936,9",24,59,88,06:10,41,16:40
64,2018-04-06,3195,"MADRID, RETIRO",MADRID,667,"13,6","7,4","9,8",07:00,"17,5",15:30,06,"0,8","10,0",07:40,"936,9",00,"929,0",19,72,92,20:50,47,14:30
65,2018-04-07,3195,"MADRID, RETIRO",MADRID,667,"9,4","4,1","7,4",23:59,"11,4",00:20,,,,,"931,2",21,"928,7",15,84,92,Varias,73,Varias
66,2018-04-08,3195,"MADRID, RETIRO",MADRID,667,"10,4","2,5","5,2",Varias,"15,5",14:30,,,,,"931,4",Varias,"929,5",Varias,69,95,06:00,46,15:30
67,2018-04-09,3195,"MADRID, RETIRO",MADRID,667,"6,8","2,7","4,7",04:50,"9,0",00:00,,,,,"931,2",23,"928,7",02,77,90,Varias,67,15:00
68,2018-04-10,3195,"MADRID, RETIRO",MADRID,667,"5,4","17,6","3,1",18:50,"7,6",01:50,,,,,"930,4",00,"917,6",17,91,96,21:00,84,04:00
69,2018-04-11,3195,"MADRID, RETIRO",MADRID,667,"7,0","0,0","3,1",03:00,"11,0",Varias,,,,,"926,7",24,"920,0",02,57,90,03:00,47,15:00
70,2018-04-12,3195,"MADRID, RETIRO",MADRID,667,"8,4","7,4","5,3",06:40,"11,4",12:00,,,,,"938,5",10,"924,5",18,78,96,Varias,55,12:20
71,2018-04-13,3195,"MADRID, RETIRO",MADRID,667,"9,8","4,8","5,2",04:10,"14,3",14:20,,,,,"935,4",24,"924,6",00,65,95,00:30,44,Varias
72,2018-04-14,3195,"MADRID, RETIRO",MADRID,667,"10,8","0,2","5,2",Varias,"16,5",16:00,,,,,"939,5",24,"935,4",00,60,94,Varias,38,16:00
73,2018-04-15,3195,"MADRID, RETIRO",MADRID,667,"13,3","14,3","8,6",23:59,"18,0",12:40,,,,,"940,6",07,"934,7",23,74,95,Varias,57,12:00
74,2018-04-16,3195,"MADRID, RETIRO",MADRID,667,"12,3","0,0","7,0",03:00,"17,6",15:50,,,,,"944,7",24,"936,4",01,58,95,Varias,41,15:50
75,2018-04-17,3195,"MADRID, RETIRO",MADRID,667,"14,6","0,0","7,6",04:20,"21,6",Varias,,,,,"947,2",11,"944,7",00,52,99,12:10,32,14:40
76,2018-04-18,3195,"MADRID, RETIRO",MADRID,667,"18,4","0,0","12,2",05:50,"24,7",16:15,,"1,9",,,"947,0",09,"944,5",Varias,47,75,05:00,34,17:00
77,2018-04-19,3195,"MADRID, RETIRO",MADRID,667,"18,1","0,0","12,2",04:30,"24,0",14:50,15,"2,8","9,2",21:00,"946,8",02,"942,6",18,43,63,04:00,34,14:30
78,2018-04-20,3195,"MADRID, RETIRO",MADRID,667,"17,4","0,0","12,3",05:30,"22,5",14:40,16,"3,3","12,2",14:50,"944,3",03,"940,8",17,53,72,05:40,41,15:30
79,2018-04-21,3195,"MADRID, RETIRO",MADRID,667,"15,7","0,0","11,6",06:50,"19,8",15:30,03,"2,5","9,2",12:30,"943,1",00,"939,5",19,61,73,05:50,50,16:00
80,2018-04-22,3195,"MADRID, RETIRO",MADRID,667,"18,0",Ip,"13,0",02:20,"22,9",14:10,10,"1,9","7,8",15:30,"941,2",00,"937,0",16,53,70,Varias,43,Varias
81,2018-04-23,3195,"MADRID, RETIRO",MADRID,667,"19,4","0,0","14,4",07:00,"24,3",15:40,08,"2,5","9,2",12:00,"942,0",08,"940,5",17,49,68,02:00,40,Varias
82,2018-04-24,3195,"MADRID, RETIRO",MADRID,667,"20,5","0,0","14,6",05:30,"26,4",15:20,10,"1,4","7,8",15:10,"941,4",04,"939,1",18,46,64,Varias,33,15:30
83,2018-04-25,3195,"MADRID, RETIRO",MADRID,667,"20,8","0,0","13,1",04:50,"28,5",Varias,04,"2,2","10,8",17:50,"941,6",24,"937,2",Varias,40,68,04:50,25,17:00
84,2018-04-26,3195,"MADRID, RETIRO",MADRID,667,"20,2","0,0","14,0",05:30,"26,5",14:20,22,"2,5","8,3",16:40,"941,6",00,"937,1",19,51,75,06:20,35,16:20
85,2018-04-27,3195,"MADRID, RETIRO",MADRID,667,"19,4","0,0","14,3",05:50,"24,4",13:50,26,"2,5","10,3",21:20,"937,2",00,"933,9",21,48,81,06:00,25,14:00
86,2018-04-28,3195,"MADRID, RETIRO",MADRID,667,"14,4","6,2","10,2",23:59,"18,7",13:30,22,"3,6","11,9",15:40,"935,1",07,"930,1",24,51,75,06:00,32,13:45
87,2018-04-29,3195,"MADRID, RETIRO",MADRID,667,"8,3","3,8","4,0",06:30,"12,6",14:10,24,"4,4","14,4",13:40,"937,0",24,"928,3",04,73,96,Varias,55,00:00
88,2018-04-30,3195,"MADRID, RETIRO",MADRID,667,"8,2","2,5","4,0",06:00,"12,5",11:50,31,"0,8","7,8",12:00,"938,2",24,"936,2",16,69,89,Varias,48,11:50
89,2018-05-01,3195,"MADRID, RETIRO",MADRID,667,"10,7","0,0","5,5",05:00,"15,9",15:50,08,"0,8","6,7",08:20,"938,9",11,"936,2",18,53,82,01:10,36,16:00
90,2018-05-02,3195,"MADRID, RETIRO",MADRID,667,"12,1","0,0","6,4",05:30,"17,8",13:30,26,"1,4","8,3",11:30,"938,5",24,"936,4",05,49,70,Varias,34,15:00
91,2018-05-03,3195,"MADRID, RETIRO",MADRID,667,"14,4","0,0","9,3",04:20,"19,4",14:30,02,"1,9","11,4",21:20,"938,5",00,"935,7",15,51,83,Varias,29,16:00
92,2018-05-04,3195,"MADRID, RETIRO",MADRID,667,"14,0","0,0","7,5",05:30,"20,5",16:00,04,"2,2","11,1",07:00,"938,8",24,"936,3",Varias,46,60,Varias,35,14:00
93,2018-05-05,3195,"MADRID, RETIRO",MADRID,667,"17,1",Ip,"9,9",05:50,"24,3",14:40,12,"1,7","13,3",21:00,"940,9",24,"937,2",Varias,48,75,23:30,36,17:30
94,2018-05-06,3195,"MADRID, RETIRO",MADRID,667,"18,4","1,5","12,8",04:50,"24,0",14:50,08,"1,7","12,8",21:00,"942,1",09,"937,6",18,51,94,22:40,38,16:00
95,2018-05-07,3195,"MADRID, RETIRO",MADRID,667,"17,6","13,5","12,4",Varias,"22,7",15:15,09,"1,4","16,7",19:00,"940,6",10,"936,4",17,58,97,21:00,45,17:00
96,2018-05-08,3195,"MADRID, RETIRO",MADRID,667,"18,8","0,2","12,5",05:30,"25,2",13:40,08,"1,1","7,8",14:40,"937,1",10,"933,9",17,64,96,Varias,44,Varias
97,2018-05-09,3195,"MADRID, RETIRO",MADRID,667,"19,1","0,0","13,2",05:30,"25,0",13:50,31,"1,9","7,8",19:10,"935,6",00,"933,2",17,53,77,06:00,36,17:30
98,2018-05-10,3195,"MADRID, RETIRO",MADRID,667,"18,7","0,0","13,5",06:20,"23,9",14:10,03,"2,5","10,3",07:10,"939,5",24,"934,8",00,49,65,23:59,39,13:00
99,2018-05-11,3195,"MADRID, RETIRO",MADRID,667,"19,2","0,0","13,3",06:00,"25,1",14:50,26,"2,2","8,6",20:00,"941,2",10,"938,0",18,55,74,07:30,40,Varias
100,2018-05-12,3195,"MADRID, RETIRO",MADRID,667,"15,4","0,0","10,5",23:50,"20,2",12:40,31,"3,1","11,1",17:20,"941,4",24,"937,4",15,49,69,02:40,37,Varias
101,2018-05-13,3195,"MADRID, RETIRO",MADRID,667,"11,8","0,0","6,0",05:20,"17,5",16:30,26,"2,5","10,3",15:30,"943,9",10,"941,4",00,37,55,06:00,28,Varias
102,2018-05-14,3195,"MADRID, RETIRO",MADRID,667,"14,9","0,0","10,4",05:50,"19,4",15:10,07,"1,7","10,0",23:10,"943,7",00,"940,2",19,50,68,07:10,38,16:30
103,2018-05-15,3195,"MADRID, RETIRO",MADRID,667,"15,8","0,0","8,0",04:40,"23,5",15:40,04,"1,9","12,2",22:10,"942,1",08,"938,0",19,37,57,05:40,30,13:00
104,2018-05-16,3195,"MADRID, RETIRO",MADRID,667,"18,4","0,0","11,8",05:20,"25,0",14:30,04,"2,2","11,4",00:00,"940,0",Varias,"936,1",Varias,44,63,05:30,34,Varias
105,2018-05-17,3195,"MADRID, RETIRO",MADRID,667,"20,0",Ip,"14,8",04:30,"25,3",14:40,01,"1,1","9,4",22:40,"938,6",11,"935,4",Varias,41,68,23:50,33,16:30
106,2018-05-18,3195,"MADRID, RETIRO",MADRID,667,"18,7","0,7","14,2",Varias,"23,2",12:10,19,"0,8","9,7",14:40,"940,2",23,"937,2",Varias,62,72,23:59,42,11:30
107,2018-05-19,3195,"MADRID, RETIRO",MADRID,667,"19,5","0,1","13,6",04:30,"25,4",12:50,04,"0,6","11,1",23:59,"941,1",09,"937,3",20,53,77,Varias,38,14:00
108,2018-05-20,3195,"MADRID, RETIRO",MADRID,667,"17,9","0,0","13,3",04:40,"22,5",15:20,03,"1,1","12,8",00:30,"939,6",00,"934,4",18,54,77,05:50,42,14:30
109,2018-05-21,3195,"MADRID, RETIRO",MADRID,667,"19,0","5,6","13,6",04:10,"24,3",14:50,03,"0,8","9,4",19:00,"936,8",24,"933,4",16,56,91,23:10,41,15:00
110,2018-05-22,3195,"MADRID, RETIRO",MADRID,667,"18,6","0,1","12,6",04:50,"24,6",12:30,33,"0,0","6,1",13:20,"939,0",24,"936,2",04,67,92,06:00,53,12:00
111,2018-05-23,3195,"MADRID, RETIRO",MADRID,667,"20,8","0,3","15,3",05:10,"26,3",15:40,23,"1,4","15,3",Varias,"940,1",Varias,"937,3",17,52,84,Varias,33,Varias
112,2018-05-24,3195,"MADRID, RETIRO",MADRID,667,"21,7","28,9","15,7",05:15,"27,7",16:10,,,,,"939,4",09,"933,5",18,,,,,
113,2018-05-25,3195,"MADRID, RETIRO",MADRID,667,"15,8","8,9","12,0",08:40,"19,5",16:30,,,,,"938,5",01,"935,1",17,80,100,Varias,52,15:50
114,2018-05-26,3195,"MADRID, RETIRO",MADRID,667,"16,9","0,0","11,8",01:50,"22,0",14:00,,,,,"937,4",22,"936,0",04,67,97,05:40,45,14:50
115,2018-05-27,3195,"MADRID, RETIRO",MADRID,667,"19,3","3,6","13,1",03:50,"25,5",14:00,,,,,"938,2",Varias,"934,7",19,54,84,23:59,38,14:00
116,2018-05-28,3195,"MADRID, RETIRO",MADRID,667,"15,5","13,8","13,2",23:59,"17,8",14:30,,,,,"938,4",22,"935,4",15,91,96,Varias,73,15:00
117,2018-05-29,3195,"MADRID, RETIRO",MADRID,667,"16,2","1,0","12,6",Varias,"19,9",11:10,,,,,"937,9",00,"935,7",18,78,93,01:30,49,11:10
118,2018-05-30,3195,"MADRID, RETIRO",MADRID,667,"14,8","0,2","11,0",05:15,"18,6",18:00,,,,,"939,0",24,"936,0",05,78,95,06:00,53,Varias
119,2018-05-31,3195,"MADRID, RETIRO",MADRID,667,"17,8","0,0","12,5",05:30,"23,1",14:00,,,,,"941,1",24,"939,0",00,62,91,06:00,44,14:10
120,2018-06-01,3195,"MADRID, RETIRO",MADRID,667,"18,7","2,3","13,6",05:10,"23,8",13:10,,,,,"941,7",08,"937,9",19,59,83,23:59,49,13:00
121,2018-06-02,3195,"MADRID, RETIRO",MADRID,667,"18,2","3,9","12,8",23:59,"23,5",14:30,24,"1,9","11,7",16:10,"941,1",Varias,"939,1",17,68,92,Varias,49,Varias
122,2018-06-03,3195,"MADRID, RETIRO",MADRID,667,"17,8","0,0","11,7",04:40,"23,8",13:50,26,"2,2","10,8",15:40,"940,2",00,"936,3",Varias,59,93,Varias,39,15:40
123,2018-06-04,3195,"MADRID, RETIRO",MADRID,667,"16,2","0,0","12,4",05:40,"20,0",14:40,22,"3,1","10,0",17:50,"938,0",Varias,"936,0",17,60,75,06:00,50,Varias
124,2018-06-05,3195,"MADRID, RETIRO",MADRID,667,"15,9","2,4","12,0",04:20,"19,8",13:20,28,"1,7","8,3",17:40,"936,9",00,"935,1",17,62,88,23:59,47,13:20
125,2018-06-06,3195,"MADRID, RETIRO",MADRID,667,"15,0","3,5","10,5",06:10,"19,6",16:30,32,"1,7","8,6",14:00,"940,2",22,"935,4",03,72,96,Varias,57,17:00
126,2018-06-07,3195,"MADRID, RETIRO",MADRID,667,"17,7","2,8","12,0",04:40,"23,4",13:30,26,"2,5","8,9",16:00,"940,8",10,"938,8",23,62,93,Varias,47,12:00
127,2018-06-08,3195,"MADRID, RETIRO",MADRID,667,"15,4","2,8","12,2",00:00,"18,6",Varias,23,"2,2","8,9",18:00,"939,0",00,"931,1",17,91,95,Varias,53,00:00
128,2018-06-09,3195,"MADRID, RETIRO",MADRID,667,"16,2","0,5","11,7",05:10,"20,7",12:00,26,"1,9","10,0",17:00,"937,9",Varias,"936,0",Varias,62,91,06:10,44,13:00
129,2018-06-10,3195,"MADRID, RETIRO",MADRID,667,"15,3","0,0","11,2",03:40,"19,4",16:30,23,"1,9","8,6",13:30,"937,9",00,"934,8",19,71,91,07:00,57,15:00
130,2018-06-11,3195,"MADRID, RETIRO",MADRID,667,"16,8",Ip,"12,5",05:20,"21,0",15:50,26,"2,5","8,3",16:00,"938,0",24,"936,2",17,66,89,Varias,51,16:00
131,2018-06-12,3195,"MADRID, RETIRO",MADRID,667,"18,6","0,0","13,0",05:10,"24,3",13:30,03,"1,9","8,1",17:00,"941,5",22,"937,5",02,59,84,06:00,45,14:00
132,2018-06-13,3195,"MADRID, RETIRO",MADRID,667,"19,6","0,0","13,7",05:00,"25,5",13:30,99,"2,5","8,9",Varias,"942,4",Varias,"939,4",17,44,61,Varias,35,13:40
133,2018-06-14,3195,"MADRID, RETIRO",MADRID,667,"19,8","0,0","12,7",05:30,"27,0",14:40,35,"1,7","8,3",14:40,"941,2",08,"938,7",17,44,67,05:40,31,15:10
134,2018-06-15,3195,"MADRID, RETIRO",MADRID,667,"23,0","0,0","15,3",05:20,"30,7",14:10,10,"1,4","9,4",22:30,"940,9",09,"937,1",Varias,43,63,05:30,29,Varias
135,2018-06-16,3195,"MADRID, RETIRO",MADRID,667,"24,6","0,0","18,0",04:30,"31,1",15:00,05,"1,9","8,9",23:20,"941,1",24,"938,5",18,44,69,05:30,30,Varias
136,2018-06-17,3195,"MADRID, RETIRO",MADRID,667,"25,1","0,0","17,9",04:50,"32,3",14:45,03,"3,1","10,0",18:30,"946,2",23,"941,1",00,31,43,Varias,24,19:00
137,2018-06-18,3195,"MADRID, RETIRO",MADRID,667,"24,8","0,0","17,6",05:00,"32,1",15:20,06,"2,5","10,3",23:50,"945,9",10,"942,1",19,39,51,05:50,33,13:30
138,2018-06-19,3195,"MADRID, RETIRO",MADRID,667,"24,9","0,0","17,3",04:40,"32,5",14:20,05,"1,7","10,3",00:20,"944,0",09,"940,4",20,45,59,04:30,35,14:20
139,2018-06-20,3195,"MADRID, RETIRO",MADRID,667,"26,6","0,0","20,2",05:20,"33,0",14:30,13,"1,7","8,9",23:30,"943,1",07,"939,1",18,41,58,Varias,29,13:00
140,2018-06-21,3195,"MADRID, RETIRO",MADRID,667,"26,9","0,0","20,5",05:10,"33,3",14:00,10,"1,7","6,9",11:30,"943,0",08,"939,8",17,37,61,06:00,23,Varias
141,2018-06-22,3195,"MADRID, RETIRO",MADRID,667,"27,7","0,0","21,6",04:50,"33,8",14:40,06,"1,7","8,3",21:30,"942,4",Varias,"938,7",Varias,39,54,23:59,30,Varias
142,2018-06-23,3195,"MADRID, RETIRO",MADRID,667,"28,5","0,0","21,5",06:00,"35,5",14:50,06,"1,1","8,6",22:40,"941,2",Varias,"938,2",Varias,41,62,06:00,24,Varias
143,2018-06-24,3195,"MADRID, RETIRO",MADRID,667,"29,3","0,0","22,0",05:50,"36,6",15:10,04,"1,1","7,8",22:40,"940,5",07,"937,3",19,41,57,06:30,28,Varias
144,2018-06-25,3195,"MADRID, RETIRO",MADRID,667,"29,6","0,0","22,9",06:15,"36,2",15:00,06,"1,7","8,3",00:10,"940,4",08,"937,1",17,38,53,08:00,30,Varias
145,2018-06-26,3195,"MADRID, RETIRO",MADRID,667,"29,0","0,0","23,0",06:00,"35,0",14:40,25,"1,9","8,1",17:40,"940,5",Varias,"937,8",17,45,62,07:00,33,15:00
146,2018-06-27,3195,"MADRID, RETIRO",MADRID,667,"26,9","0,0","21,9",05:00,"31,9",14:10,29,"2,2","9,7",14:00,"940,8",08,"937,7",19,43,59,Varias,31,18:20
147,2018-06-28,3195,"MADRID, RETIRO",MADRID,667,"26,0","0,1","20,9",06:20,"31,0",11:30,23,"2,2","7,8",13:40,"938,2",00,"932,5",19,42,70,Varias,27,Varias
148,2018-06-29,3195,"MADRID, RETIRO",MADRID,667,"26,0","0,0","20,5",05:40,"31,6",15:40,05,"1,7","9,7",20:50,"934,1",08,"930,3",Varias,47,68,23:59,32,Varias
149,2018-06-30,3195,"MADRID, RETIRO",MADRID,667,"24,4","0,7","20,2",07:00,"28,7",14:30,16,"2,8","9,7",14:20,"934,1",23,"931,8",16,54,77,07:15,36,Varias
